"","ET01_F01_S3","ET01_F02_S3","ET01_F03_S3","ET01_F04_S3","ET01_F05_S3","ET01_F06_S3","ET01_F07_S3","ET01_F08_S3","ET01_F09_S3","ET01_F10_S3","ET01_F11_S3","ET01_F12_S3","ET01_F13_S3","ET01_F14_S3","ET01_F15_S3","ET01_F16_S3","ET01_F17_S3","ET01_F18_S3","ET01_F19_S3","ET01_F20_S3","ET01_F21_S3","ET01_F22_S3","ET01_F23_S3","ET01_F24_S3","ET01_F25_S3","ET01_F26_S3","ET01_F27_S3","ET01_F28_S3","ET01_F29_S3","ET01_F30_S3","ET01_F31_S3","ET01_F32_S3","ET01_F33_S3","ET01_F34_S3","ET01_F35_S3","ET01_F36_S3","ET01_F37_S3","ET01_F38_S3","ET01_F39_S3","ET01_F40_S3","ET02_F01_S3","ET02_F02_S3","ET02_F03_S3","ET02_F04_S3","ET02_F05_S3","ET02_F06_S3","ET02_F07_S3","ET02_F08_S3","ET02_F09_S3","ET02_F10_S3","ET03_F01_S3","ET03_F02_S3","ET03_F03_S3","ET03_F04_S3","ET03_F05_S3","ET03_F06_S3","ET03_F07_S3","ET03_F08_S3","ET03_F09_S3","ET03_F10_S3","ET04_F01_S3","ET04_F02_S3","ET04_F03_S3","ET04_F04_S3","ET04_F05_S3","ET04_F06_S3","ET04_F07_S3","ET04_F08_S3","ET04_F09_S3","ET04_F10_S3","ET05_F01_S3","ET05_F02_S3","ET05_F03_S3","ET05_F04_S3","ET05_F05_S3","ET05_F06_S3","ET05_F07_S3","ET05_F08_S3","ET05_F09_S3","ET05_F10_S3","ZT01_F01_S3","ZT01_F02_S3","ZT01_F03_S3","ZT01_F04_S3","ZT01_F05_S3","ZT01_F06_S3","ZT01_F07_S3","ZT01_F08_S3","ZT01_F09_S3","ZT01_F10_S3","ZT01_F11_S3","ZT01_F12_S3","ZT01_F13_S3","ZT01_F14_S3","ZT01_F15_S3","ZT01_F16_S3","ZT01_F17_S3","ZT01_F18_S3","ZT01_F19_S3","ZT01_F20_S3","ZT01_F21_S3","ZT01_F22_S3","ZT01_F23_S3","ZT01_F24_S3","ZT01_F25_S3","ZT01_F26_S3","ZT01_F27_S3","ZT01_F28_S3","ZT01_F29_S3","ZT01_F30_S3","ZT01_F31_S3","ZT01_F32_S3","ZT01_F33_S3","ZT01_F34_S3","ZT01_F35_S3","ZT01_F36_S3","ZT01_F37_S3","ZT01_F38_S3","ZT01_F39_S3","ZT01_F40_S3","ZT02_F01_S3","ZT02_F02_S3","ZT02_F03_S3","ZT02_F04_S3","ZT02_F05_S3","ZT02_F06_S3","ZT02_F07_S3","ZT02_F08_S3","ZT02_F09_S3","ZT02_F10_S3","ZT03_F01_S3","ZT03_F02_S3","ZT03_F03_S3","ZT03_F04_S3","ZT03_F05_S3","ZT03_F06_S3","ZT03_F07_S3","ZT03_F08_S3","ZT03_F09_S3","ZT03_F10_S3","ZT04_F01_S3","ZT04_F02_S3","ZT04_F03_S3","ZT04_F04_S3","ZT04_F05_S3","ZT04_F06_S3","ZT04_F07_S3","ZT04_F08_S3","ZT04_F09_S3","ZT04_F10_S3","ZT05_F01_S3","ZT05_F02_S3","ZT05_F03_S3","ZT05_F04_S3","ZT05_F05_S3","ZT05_F06_S3","ZT05_F07_S3","ZT05_F08_S3","ZT05_F09_S3","ZT05_F10_S3"
"ASV_19",981,27,9,0,0,0,4,233,7,6,1808,58,0,11,268,722,0,28,12,35,0,56,130,0,0,9,75,8,15,161,31,17,0,7,6,0,79,25,25,97,21,0,7,16,500,0,0,0,11,0,480,21,0,14,0,0,0,0,59,0,0,49,96,388,6,158,543,6,7,25,0,85,124,11,23,107,82,1715,318,439,15,10,393,9532,3791,0,223,1142,0,54,263,134,380,20,11,0,0,8,0,52,273,11,59,0,20,0,57,0,37,60,728,0,266,67,109,9,629,16,0,102,0,57,24,0,19,0,0,0,95,0,14,199,127,13,0,146,31,13,0,391,0,358,19,0,0,1291,144,8,27,50,0,10,10,0,0,0,122,0,0,265
"ASV_28",52,19,0,0,2,0,5,8,13,415,0,0,38,4,29,0,5,22,0,0,353,12,29,3,48,0,0,0,0,232,6,0,0,2120,13,7,0,872,0,17,8,6,0,22,22,11,3,648,3,0,47,815,6,6,227,0,0,0,10,112,127,134,0,35,7,0,0,0,0,0,21,76,496,4,0,40,32,280,10,24,0,0,0,155,6,209,0,7,4,13,8,30,51,36,462,43,2575,11,44,0,307,0,112,0,249,0,0,292,40,595,0,0,43,0,15,5,0,3,0,0,33,101,14,0,0,17,5,0,0,13,77,893,0,0,5,106,0,14,0,0,0,53,0,387,9,54,93,8,0,16,3001,84,0,10,28,0,5,0,0,0
"ASV_53",0,10,0,0,0,0,0,0,8,0,0,0,0,0,0,0,0,0,0,0,0,0,0,0,0,0,0,0,0,0,5,0,0,0,0,0,0,0,0,232,26,0,0,0,0,0,0,4,5,0,0,0,0,0,2,0,0,0,0,0,0,11,0,0,5,0,0,0,0,7,0,0,3,0,0,33,121,214,145,0,0,18,20,0,45,0,0,0,0,0,70,0,0,0,0,0,0,4,0,0,43,0,0,0,0,57,0,0,0,340,0,0,0,4,46,4,48,0,43,0,0,0,0,11,0,5,0,0,0,18,0,264,0,0,0,159,0,5,0,6,274,0,3,0,0,623,0,0,1760,373,17,0,0,0,0,0,0,0,0,8
"ASV_49",31,17,99,0,0,15,0,10,0,15,76,0,6,0,10,26,0,11,0,25,0,8,47,0,26,4,0,262,0,541,0,3,0,50,38,0,0,68,0,5,226,0,0,0,67,0,0,239,4,0,0,69,3,0,0,0,0,0,0,8,0,96,103,12,6,0,15,0,0,0,58,429,113,5,0,406,723,1430,48,11,0,10,345,168,12,27,0,1890,19,276,10,302,16,28,111,472,15,0,23,17,914,0,267,13,2,0,1,14,0,867,25,0,40,13,0,9,54,0,4,0,9,6,0,0,0,0,0,230,0,21,2118,134,43,6,0,17,140,6,0,0,201,0,0,0,0,507,597,6,650,13,0,0,463,0,79,4,0,0,0,0
"ASV_2",2453,1657,580,332,73,577,495,2259,1191,3883,81,13215,216,215,111,72,198,1091,1097,658,282,973,966,186,69244,231,1044,4828,167,303,311,160,50,953,2289,4980,5923,246,804,1431,497,4320,142,926,2114,6019,849,375,1026,470,35058,663,135,4363,258,116,7,24,10867,1494,34,31509,453,53129,2168,212,155,282,89,6433,594,7037,2785,344,40115,52536,16934,63327,36993,16531,7626,13731,31215,330752,6597,30686,4500,23977,6798,22238,34767,187,2745,5877,2565,1319,2253,7046,528,25169,33238,14723,14347,15924,16708,444,16452,184,18286,2023,282,390,14339,33182,8319,8161,33604,22178,15,436,10335,20974,44537,1103,15444,77,603,2465,302,29,1090,1310,146,196,5418,1350,809,384,8801,25,69,116,562,404,4281,1048,92,812,205,3360,1816,825,5810,1636,1052,3344,1952,2387,82,87
"ASV_8",30524,6,0,0,0,43,0,20,7,579,8,16959,0,54,0,83,0,0,30,0,0,3,336,24,928,0,0,124,0,0,0,11,0,138,182,20,16,0,0,18,10829,73,24,10,16,160,0,87,0,0,65,0,0,2,0,0,0,0,7,101,0,136,118,10393,79,23,113,0,0,34,3,68219,297,0,0,36,140,0,946,222,52,17707,143,346,262,70,0,41,62,178,435,0,91,175,483,37,919,3206,391,259,11,0,13,48,3,231,0,18,15,47,72,16,0,30,6,31,44,0,0,0,38,4333,12257,34,88,0,20,0,27,2,226,46,0,0,21,402,0,131,9139,0,30,0,0,64,6,1722,10,367,801,368,464,0,170,102,0,49,74,12,0,17
"ASV_70",0,0,0,0,0,0,0,0,0,0,0,0,0,0,0,0,0,0,0,0,0,0,0,0,0,0,0,0,0,0,0,6,0,0,0,0,0,0,0,0,0,0,12,0,0,0,0,0,0,0,67,0,0,0,0,0,0,0,0,0,62,0,0,0,0,8,66,0,0,0,0,0,0,0,0,0,0,0,0,0,0,156,112,0,0,0,0,0,0,0,0,0,0,0,0,0,0,0,0,8,0,7,0,0,0,0,0,0,0,8,0,0,0,0,0,0,0,0,0,0,0,0,0,0,0,0,0,0,58,0,0,0,0,0,0,0,10,0,0,0,35,0,0,0,0,0,0,0,0,0,0,0,0,0,0,0,0,0,0,48
"ASV_1",238376,158666,105160,90975,11249,104044,113355,192965,59777,42071,102660,101507,126543,175461,72838,22933,81864,28326,39915,562,20221,229364,70938,77109,101101,131444,218836,1478,356683,45411,19546,64078,8370,64364,115550,47992,49924,168409,68795,178821,242,4325,88,954,491,2054,362,3808,1057,0,1478,6735,424,2502,42,1078,35,456,1266,335,882,600,1267,964,54,1012,196,28489,4332,115,3411,7493,92493,1574,5318,157,22147,197,6163,7486,38680,103767,2738,1038,765,1182,23929,2886,913,2156,3401,25489,1307,11027,40679,108,2267,297,2358,592,253,3692,1891,957,2903,4105,367,12161,1448,49040,21355,219,559,2512,375,59282,16165,1654,4,418,1842,23956,5244,1400,3991,4327,419,37,909,1951,3076,85561,1194,149,154236,829,269,1139,2017,3,1727,5890,784,309,5439,309,20193,950,4785,457,1897,19556,2096,1760,1482,3061,975,3654,4076,1490
"ASV_37",7,0,70,11,0,28,0,11,41,0,0,0,12,153,5,0,2,0,13,33,0,0,0,0,0,0,0,2,0,79,0,28,0,7,19,20,0,320,0,2046,0,0,254,3,0,0,25,0,6,0,0,390,0,0,87,0,23,0,22,0,0,47,67,0,12,235,1115,9,0,1181,51,173,368,0,39,360,72,1724,835,92,0,0,17,197,173,382,0,0,0,8,7,0,2,2,61,7,0,9,0,0,1904,4,1351,0,14,40,0,0,0,130,26,36,10,920,162,4,3,0,0,0,51,203,806,136,7,0,0,0,7,70,0,2291,0,0,28,61,17,0,708,0,0,0,0,183,0,14,95,5,0,420,606,0,0,371,12,127,0,6,12,0
"ASV_12",51,128,28,0,17,39,16,93,155,199,409,104,39,26,489,212,22,155,545,36,62,28,695,22,344,63,29,81,29,817,122,30,0,311,366,463,52,50,50,1108,424,13,42,395,42,484,100,1691,603,9,263,1300,372,8,0,261,2511,29,49,799,675,30,72,14,456,50,228,17,5,1879,50,614,5605,842,121,62,1292,2685,656,220,63,170,1077,342,668,473,0,490,88,375,227,656,36,848,516,324,3105,732,871,129,2673,304,340,108,288,120,106,346,29,458,225,75,973,888,16,49,765,54,723,12,3261,655,2028,411,96,69,72,358,52,68,822,1076,433,23,313,404,204,83,285,475,822,590,4570,359,59,735,310,84,3003,1268,2412,6,12,190,996,154,462,312,190,46
"ASV_110",0,65,0,3,0,5,0,31,0,5,0,0,0,7,0,0,0,0,61,0,0,4,5,0,0,7,21,8,0,211,0,34,0,0,0,0,74,15,12,12,125,0,32,0,0,2,21,27,0,0,0,128,0,2,6,0,6,0,0,0,0,31,0,14,7,519,14,16,0,0,39,41,317,0,6,30,11,23,2005,99,0,0,28,48,54,0,105,0,8,0,2178,2,2,0,2,0,0,0,20,21,32,0,511,3,21,0,0,7,0,509,5,0,161,41,0,0,154,13,0,0,0,15,35,47,0,0,0,0,337,0,6,33,0,0,0,0,5,0,55,541,0,0,0,7,0,0,485,0,902,2876,5,0,0,23,0,3,0,3,0,34
"ASV_68",3,0,11,3,0,18,0,0,6,0,59,0,4,34,0,0,0,8,0,15,0,0,0,3,37,5,0,0,0,1163,0,19,0,0,0,7,23,45,12,180,0,0,0,0,0,0,0,0,0,0,28,119,0,0,0,0,0,0,6,0,0,0,31,0,0,218,729,0,0,0,0,26,40,0,14,465,106,0,790,0,0,2,0,188,1627,195,0,4,0,0,0,0,0,0,70,5,38,173,0,0,4,0,292,0,0,11,0,0,13,48,0,3,0,23,382,4,0,0,0,182,2801,59,119,0,151,0,0,0,0,0,0,323,0,0,136,23,0,0,19,0,320,0,0,70,5,0,1307,0,15,1574,0,0,21,520,0,5,154,47,0,3
"ASV_27",18,51,17,13,7,14,3,68,0,161,43,0,7,9,14,0,6,2,0,0,160,9,0,22,100,0,12,0,0,761,0,4,6,169,11,15,0,104,0,6630,305,1,197,736,122,0,0,1856,0,0,6,778,138,6,720,0,11,0,256,380,0,518,11,37,22,0,1,9,0,475,214,520,680,20,0,796,1388,327,0,0,8,19,30,46,0,5,0,8,0,4,12,12,35,5,9,0,328,0,7,16,196,4,35,126,4,0,10,16,10,483,0,0,3,17,0,10,0,8,0,0,0,98,22,0,15,0,0,0,29,8,33,7035,129,0,0,19,194,4,79,0,12,4,0,0,15,0,210,0,558,35,360,117,4,0,0,0,0,0,0,34
"ASV_55",0,23,0,0,0,11,0,55,0,13,19,35,0,17,17,1035,0,258,4,0,10,6,192,0,51,20,110,11,7,0,0,0,0,22,9,13,26,0,0,37,0,0,261,12,94,6,0,11,0,0,389,6,122,0,0,0,47,0,0,23,0,22,111,74,79,447,371,0,0,8,0,69,90,5,5,154,267,653,0,0,35,40,380,1182,16,22,10,388,46,0,0,2,57,13,87,0,60,0,66,435,555,13,137,21,470,14,4,0,0,1067,1087,7,0,0,0,67,0,0,6,0,1377,418,31,5,10,140,139,244,24,0,1325,55,0,0,15,592,9,13,7,2,34,0,3,0,0,3091,5,14,679,255,19,4,0,16,26,0,4,5,12,60
"ASV_85",0,0,3,21,0,0,0,4,0,0,0,0,0,0,0,0,0,0,16,3,0,0,27,0,0,0,0,0,0,0,0,16,2,0,0,0,8,0,5,20,0,0,0,0,2,0,2,0,0,0,0,0,4,12,0,7,0,0,0,0,0,13,0,0,0,1992,193,0,0,11,13,11,0,0,0,0,0,0,393,14,0,0,0,0,5,0,0,0,28,0,515,0,0,0,0,0,0,0,15,38,5,0,0,0,19,0,17,6,13,0,0,7,0,86,0,0,0,0,0,0,0,0,15,17,0,0,0,0,372,0,0,0,0,0,2,0,0,0,0,0,0,0,0,0,0,0,12,0,0,1461,0,0,0,0,0,0,0,373,0,0
"ASV_61",0,0,0,0,0,0,0,0,0,0,0,0,0,0,0,0,0,0,315,0,0,0,0,0,0,0,39,0,0,21,0,0,0,0,0,0,79,5,0,0,0,0,0,0,0,0,0,0,24,0,0,42,0,0,0,0,0,0,0,0,0,72,0,0,0,0,0,2,0,0,0,14,272,0,0,0,0,424,1079,0,0,0,0,0,0,0,0,0,0,12,996,0,0,0,0,0,10,0,0,0,416,0,0,0,0,0,0,0,0,0,0,0,19,0,0,0,9,0,0,0,0,0,13,0,0,0,0,0,0,0,0,0,0,0,0,0,0,0,0,0,0,0,0,0,0,0,611,0,0,0,0,0,0,0,0,0,0,0,0,0
"ASV_88",83,0,2,5,0,18,0,0,0,0,2,0,7,0,31,0,4,0,491,14,0,2,22,0,15,20,9,0,0,115,0,0,0,3,0,0,2,493,0,11,0,0,30,0,0,0,32,0,5,0,6,751,0,3,128,2,13,0,0,0,0,86,0,0,2,3,0,7,0,20,0,357,0,0,0,45,12,7,15,0,0,14,597,0,0,16,0,0,18,6,0,49,13,7,212,0,13,10,6,0,17,6,0,4,0,0,243,0,4,0,0,0,22,0,0,0,0,0,0,0,4,99,12,14,0,6,0,0,0,8,6,0,0,0,57,30,0,0,0,0,379,18,0,579,0,46,66,4,0,0,0,0,0,11,2,0,19,0,0,15
"ASV_34",0,0,154,0,0,112,0,0,48,0,0,10,0,403,0,0,0,0,0,285,0,0,15,0,0,0,0,0,0,36,8,24,0,0,0,0,0,0,7,0,0,0,195,0,0,0,194,0,0,0,15,0,684,0,0,0,28,0,0,0,0,22,0,0,0,151,0,7,0,0,0,0,0,5,29,3897,0,0,25,201,0,0,0,14,0,0,0,0,0,0,0,0,0,0,0,0,0,24,0,0,0,28,3670,0,0,446,0,0,0,23,0,0,0,66,266,0,0,0,509,0,0,0,37,167,0,0,0,0,0,0,0,0,0,0,0,3439,0,0,4032,0,0,0,0,2284,0,0,53,0,64,3100,0,0,0,498,0,0,0,0,0,0
"ASV_82",21,46,8,17,9,0,4,31,50,0,330,0,0,20,0,0,0,43,13,0,329,0,38,6,32,10,5,0,0,600,0,22,0,0,9,6,13,11,2,14,212,4,161,13,0,0,37,1017,0,0,0,16,0,9,5,3,96,0,0,0,0,16,329,0,0,562,33,0,0,524,5,47,54,15,0,274,1706,10,35,77,4,0,22,43,57,59,2,0,69,4,155,142,19,0,16,0,18,0,0,0,31,0,12,2,4,66,8,0,50,456,0,0,51,7,4128,6,3,5,0,0,5,8,11,14,0,11,8,0,23,574,6,50,141,0,245,976,9,8,164,0,7,0,2,13,0,639,679,80,1547,1446,338,277,76,195,10,12,0,10,0,0
"ASV_11",175,320,91,22,19,257,23,233,40,55,250,164,92,73,162,182,16,51,60,136,35,15,921,7,432,39,26,317,51,2104,87,119,0,283,206,197,7,157,22,1143,181,4,106,527,62,1911,1238,26,429,24,144,238,66,42,31,844,45,69,8,389,0,70,275,62,117,99,29,27,315,1078,214,1951,2628,1243,61,195,852,2136,379,466,14,190,351,46,206,369,41,1309,16,184,111,2731,429,410,274,0,4591,413,698,545,1604,168,232,146,164,168,251,159,37,2713,240,18,278,383,30,1243,387,18,100,399,1740,723,1642,271,1223,134,11,347,32,1252,3145,4738,118,37,106,53,455,987,155,5,26,295,23,599,240,23,2022,671,182,3458,3660,27,1117,845,116,672,110,18,177,16
"ASV_30",5,65,0,40,0,3,0,50,80,0,13,20,0,35,2,5,0,0,50,8,27,8,4,0,0,41,4,10,0,1397,0,22,0,6,15,185,0,128,0,16,9,0,94,601,107,624,0,1468,0,0,0,1993,0,0,422,0,17,0,60,4,187,399,10,4,0,0,0,8,8,0,45,196,76,335,0,1021,350,377,7,62,0,14,0,0,0,0,0,0,0,8,15,26,0,0,15,0,0,7,0,0,42,0,24,72,5,7,0,7,13,47,6,0,0,9,0,0,0,0,0,0,0,0,7,28,0,0,0,0,187,0,11,63,0,0,9,26,0,16,719,0,0,3,0,5,6,4,280,0,339,42,45,15,0,4,0,0,0,0,2,0
"ASV_47",16,0,0,3,0,0,2,11,2,0,0,261,0,5,8,0,0,31,4,0,0,12,22,0,30,13,0,0,15,148,0,0,0,4,5,0,0,440,0,14,13,0,0,9,0,9,12,0,0,0,11,768,0,3,139,0,0,0,0,106,0,80,50,0,0,0,143,0,0,0,76,8,3,3,0,20,11,17,184,0,52,314,586,335,34,0,0,4,0,173,0,18,0,8,0,0,0,11,0,11,429,0,11,232,41,12,0,3,0,13,4,0,16,0,5,0,5,0,0,0,0,324,230,9,0,14,0,0,0,184,22,0,0,5,0,16,0,5,8,0,0,7,0,0,18,9,54,0,0,10,10,0,1313,0,0,11,0,0,0,71
"ASV_13",794,59,543,152,0,91,4,300,140,0,835,34,79,136,806,42,12,75,33,73,46,26,1022,20,230,47,71,0,15,1691,25,176,5,31,83,174,2,143,56,39,520,0,246,1283,161,7,37,3568,55,0,140,2474,361,272,1807,23,59,9,351,7,262,1733,15,29,45,0,47,39,9,541,1188,614,1185,536,39,831,536,272,11,0,14,55,3680,22,1535,151,20,6,108,64,13,104,0,8,94,0,290,9,12,14,266,30,79,314,15,17,132,12,95,352,51,0,95,46,29,22,0,29,10,0,0,0,7,100,3,0,10,12,28,90,46,139,98,0,56,192,28,16,589,0,0,804,18,21,35,419,571,0,1629,80,201,3,6,28,22,19,0,56,338,2027
"ASV_43",0,0,0,0,0,0,0,26,0,0,68,0,0,14,0,0,0,41,0,45,8,0,0,15,0,12,42,631,0,0,0,9,0,0,0,0,29,0,0,0,0,0,0,0,0,0,0,0,0,140,43,0,0,0,0,0,0,0,0,0,0,0,0,3,15,26,772,0,0,10,0,28,0,0,0,0,53,0,154,34,0,36,0,2632,294,0,12,1318,0,0,188,0,0,18,0,0,0,0,0,38,0,0,0,0,0,0,160,0,17,34,0,0,0,120,0,0,0,0,0,0,0,20,170,0,0,43,0,0,20,0,0,31,0,14,157,0,907,0,0,0,365,0,0,17,0,0,8,0,0,23,0,0,0,0,18,0,417,0,0,383
"ASV_41",6,0,9,0,0,0,0,0,0,0,0,0,0,0,0,0,0,0,0,0,0,0,5,0,0,0,0,0,0,53,0,0,0,0,11,7,0,9,16,0,0,35,0,0,0,26,0,0,0,0,0,0,0,0,0,0,0,0,0,0,22,0,0,0,0,2,0,0,70,35,0,0,0,0,0,0,0,0,0,630,0,11,169,461,962,1396,0,0,0,17,0,0,0,0,0,0,0,0,0,0,0,0,1416,0,0,0,0,0,0,0,0,0,17,0,0,0,0,0,0,0,16,0,0,0,0,0,0,0,0,0,0,0,0,0,0,0,0,0,0,0,0,0,0,0,0,0,23,0,33,0,0,0,0,0,0,0,0,0,0,0
"ASV_58",0,0,0,0,0,0,0,11,17,0,0,10,0,49,0,0,0,32,0,0,0,12,0,0,49,0,0,0,0,246,73,23,0,3,90,17,0,0,50,33,0,0,32,0,0,0,20,0,21,0,0,0,0,0,0,0,0,0,0,0,0,0,0,0,0,93,140,0,0,207,12,0,73,0,0,1004,27,0,69,300,0,0,32,0,0,0,0,0,0,0,0,4,0,0,27,0,5,0,0,0,24,0,506,0,0,0,0,0,0,454,0,0,0,337,404,0,11,0,0,109,0,13,0,38,0,0,0,0,0,0,30,693,0,5,0,244,27,0,207,0,14,0,0,20,0,433,329,0,0,62,0,0,0,49,0,3,0,0,29,0
"ASV_7",0,0,0,0,0,0,0,0,0,0,0,64,0,0,0,2836,0,0,0,0,0,0,0,0,62986,0,0,0,52,0,0,0,0,0,421,0,0,0,0,17,9,0,55,0,466,26788,0,0,0,0,55,0,0,0,0,0,0,0,0,140,0,0,0,0,0,0,0,0,0,0,0,139,0,0,0,72,55,0,47,0,42,6,0,150,99070,440,0,0,0,170,6,0,0,0,0,0,1242,0,0,61,0,0,26,92,33,8,0,0,98,0,2697,0,0,0,0,0,0,335,0,0,630,112,322,43,0,0,21,0,0,0,0,0,0,0,0,58,23,0,10,0,0,0,249,0,0,55,0,0,158,41,41,0,0,0,6,0,0,0,24,0
"ASV_128",0,0,0,4,0,7,0,0,0,0,0,0,24,0,0,0,0,4,16,38,0,0,29,0,0,0,0,0,0,0,0,0,0,12,0,190,0,0,0,26,0,0,25,0,0,0,9,0,0,0,0,19,0,0,0,6,0,0,0,0,18,0,0,0,0,0,0,0,0,469,0,0,0,0,86,0,0,0,0,12,0,41,29,0,2,0,0,0,183,0,0,1647,0,0,0,154,0,0,241,27,0,0,0,0,149,0,0,0,0,0,3,0,0,0,0,0,0,0,0,0,0,0,0,0,0,0,5,0,0,0,267,22,0,0,0,0,10,0,0,0,0,0,0,215,0,0,0,0,8,0,0,0,0,0,0,0,0,0,0,8
"ASV_48",0,0,0,0,0,0,0,0,7,7,0,20,0,20,0,0,0,0,0,26,7,0,9,0,24,0,5,0,0,71,0,0,0,0,0,15,0,0,0,6,14,37,34,49,87,0,11,0,0,0,0,0,0,0,0,0,0,0,0,14,0,23,0,10,0,0,48,0,0,19,0,0,0,0,0,97,265,0,0,0,0,20,12,245,122,4,0,0,0,0,0,0,67,0,61,12,26,81,0,123,0,0,0,0,9,22,19,8,45,39,30,0,0,245,0,0,0,0,10,68,0,0,0,11,0,0,0,0,0,0,0,27,0,0,31,228,658,0,17,0,15,0,0,0,167,570,55,0,42,279,0,0,11,9,0,0,0,0,9,58
"ASV_29",0,5,11,0,0,25,0,0,0,0,0,25,0,69,0,140,0,0,0,0,0,0,0,0,0,0,0,0,0,6,0,71,0,0,0,0,0,0,0,0,0,0,49,0,0,0,3,0,11,0,133,0,15,0,0,0,7,0,0,0,0,5,156,0,0,1834,48,10,0,10039,16,0,63,0,0,554,846,7,46,0,0,0,0,11,38,0,0,10,0,0,0,0,0,0,39,0,0,7,0,0,58,0,2782,0,0,33,0,0,32,0,148,0,0,12,981,0,2,0,0,0,0,8,18,48,0,0,0,0,0,0,57,6,0,7,0,22,23,0,987,0,17,0,0,17,0,23,0,0,10,1674,0,0,0,0,0,0,0,0,22,0
"ASV_4",946,936,1276,266,40,1038,257,1007,1278,866,70,1977,227,831,35,1827,173,624,2459,4489,360,213,665,201,1479,387,188,2114,488,6639,187,425,25,2156,2908,1773,521,658,283,9109,3394,333,1471,8507,958,5484,3332,5293,814,274,841,2156,1313,768,635,1204,1674,198,469,4974,481,1268,1643,1755,2907,2941,2009,292,522,24146,2264,2775,3247,2193,2195,4073,12522,21025,4634,6846,1303,1774,8349,20983,32673,6633,627,4366,620,1982,4897,87,1070,686,15867,5990,13928,85,2302,2142,20206,2700,3235,1018,2012,4459,908,3382,3583,10382,1798,336,156,6250,2710,3882,47,1004,2981,4238,2164,3014,4133,814,2809,339,710,555,444,539,6359,13432,1343,225,2637,6668,4959,361,3696,1861,3023,3398,4156,2601,1620,9809,5937,356,21746,5782,10529,307,844,4524,1280,984,984,1583,3099,2096
"ASV_18",0,0,2,0,0,0,0,0,6,2607,0,0,39,7,0,0,0,723,33,0,15954,68,0,0,0,303,19,0,0,13,0,0,0,56054,0,0,48,128,23,5,0,122,0,65,0,32,0,0,0,0,266,84,0,0,0,0,0,0,73,0,0,0,282,9,15,0,54,0,165,29,0,11,94,101,0,0,7,0,23,0,0,0,0,0,0,429,100,0,13,52,86,0,0,6,6,0,0,5,81,0,0,6,65,0,0,14,16,8973,18,21,0,0,0,0,0,0,0,0,0,22,0,3202,9,0,0,118,0,8,37,0,665,0,89,0,6,889,0,0,140,0,0,90,0,0,0,327,10,0,0,6,10,16515,0,0,0,0,127,0,0,0
"ASV_22",2097,293,23,0,0,0,34,220,19,0,745,21,5,0,7,459,0,668,31,28,53,58,60,42,96,12,95,739,68,10,40,0,7,22,45,0,147,0,0,285,0,26,103,14,549,63,903,63,32,103,964,104,12,0,17,4,89,0,32,93,15,150,9,746,41,13,180,24,0,22,0,1157,230,297,154,173,820,1544,1845,88,406,64,28,8679,2377,38,88,3001,268,66,1748,55,30,32,92,168,1472,120,34,206,1374,14,329,6,424,0,1485,16,43,2168,440,0,194,113,365,45,668,144,0,72,237,102,267,37,34,675,37,91,267,428,60,75,514,39,226,2435,46,46,219,0,1348,510,0,0,13,274,119,17,3703,717,2052,33,581,706,103,11,256,11,13,575
"ASV_17",0,0,294,0,0,101,0,2,369,74,6,5,1622,289,22,5,0,14,0,424,96,143,18,11,38,18,246,0,0,398,0,123,0,599,13,397,9,756,0,130,0,3,237,0,4,499,494,0,10,0,53,176,66,0,21,18,230,5,0,0,0,6,3,17,0,4061,630,0,2,27,48,72,2294,0,83,2685,1944,3,357,430,23,24,0,1633,113,54,0,126,15,422,14,27,29,6,274,176,480,27,2,0,23,6,2272,0,10,217,22,42,16,193,7,0,13,273,5007,0,29,4,0,0,538,154,516,190,50,14,0,5,0,6,21,134,20,4,12,2259,0,0,4185,0,0,32,0,1872,3,663,434,0,1599,33327,496,37,63,3408,10,73,0,25,11,25
"ASV_3",177,1441,1299,507,93,1328,460,2220,2087,1202,87,3363,356,1077,99,4065,262,1237,8610,11246,542,341,4641,339,3391,889,394,4652,1157,13155,311,1000,114,5353,6379,2260,899,924,805,19959,7659,352,3335,20561,2209,9589,8989,8205,779,116,1169,5361,2775,1346,859,4587,1029,102,786,7018,2661,2746,1677,4307,1955,6425,3054,625,2423,32892,4665,9271,6729,3479,4037,8134,38618,29452,8784,11062,2986,3767,15144,39831,71414,14658,428,15866,1590,4032,8600,196,2252,4789,28808,7419,29601,183,5140,4062,45469,1587,7882,2531,4741,8874,3527,9096,7281,31604,4194,584,1138,10700,3198,6756,101,1682,1895,7730,6785,8667,9177,2203,11746,634,771,1659,2225,797,12141,35040,3371,266,7810,11219,6900,783,5443,2700,9049,7699,5781,3513,1666,29260,10429,1471,72061,9767,23524,327,1671,12806,2139,508,1999,2218,4737,3881
"ASV_24",75,128,11,0,0,0,8,325,11,9,15,96,0,32,15,10,0,0,12,21,0,25,0,7,0,8,128,368,13,29,0,7,5,32,4,23,0,20,0,193,9,7,57,23,306,425,16,64,9,0,5,155,0,0,298,0,16,0,0,14,0,36,8,89,8,6,8,0,0,0,3,11,66,0,0,22,527,314,204,0,748,24,148,26759,4887,15,32,382,205,8,215,1139,7,0,10,35,21,56,311,474,101,23,57,38,83,20,0,127,398,1040,16,0,24,0,0,30,35,14,2,154,0,0,14,0,5,0,0,0,8,11,1571,82,0,0,121,156,35,24,604,17,382,16,27,0,0,139,55,0,1069,299,128,17,4,282,10,7,11,0,194,0
"ASV_130",0,7,0,0,0,0,0,0,7,0,0,0,0,8,0,0,7,0,0,0,0,0,0,3,83,0,0,0,0,0,0,0,0,0,27,0,0,0,0,0,0,0,0,0,0,0,222,378,0,0,0,0,0,0,0,0,0,0,0,0,0,63,0,0,0,0,0,0,0,0,0,0,53,0,0,0,0,0,0,0,0,0,0,0,0,0,0,0,0,0,0,11,0,0,0,0,4917,7,0,0,0,0,0,0,0,0,0,0,0,0,0,0,0,0,0,0,0,0,0,0,86,0,0,0,0,0,0,0,0,0,0,0,0,0,0,0,0,0,83,0,0,0,0,0,0,0,640,0,0,197,3146,0,0,0,0,0,0,0,0,0
"ASV_25",61,144,52,160,4,0,0,163,370,0,31,27,21,143,42,14,62,46,171,3,80,1,16,0,17,75,11,40,20,4921,16,150,0,352,154,426,32,906,0,79,510,9,256,1427,210,683,15,5254,152,8,0,8673,58,0,3432,0,12,0,301,47,424,2584,883,76,18,37,125,14,64,2358,1069,355,1020,296,61,544,1628,1924,12,152,140,14,54,127,2109,68,0,28,22,3,88,147,9,18,55,27,842,14,21,9,1396,3,26,66,10,7,0,68,24,175,19,1,25,75,4,18,4,0,0,13,0,1426,23,32,0,76,0,0,291,64,47,166,0,0,65,172,617,21,2894,0,3,72,2,18,27,94,672,3,1484,72,829,67,191,160,23,0,5,0,10,12
"ASV_21",486,382,16,22,0,7,10,17,33,53,227,0,21,26,31,47,20,84,32,9,0,38,48,41,372,0,31,18,0,814,9,0,0,245,31,638,39,26,10,114,331,8,83,46,11,190,1541,0,225,40,0,114,346,63,195,788,7,279,0,18,85,44,256,11,33,156,0,16,0,34,59,14,345,491,106,50,240,954,15,130,268,201,418,37,22,365,0,649,14,2002,0,338,15,165,50,35,221,36,22,86,2939,78,27,108,92,180,72,148,0,363,72,98,16,754,10,19,1433,38,0,316,84,0,322,80,17,0,7,0,21,193,105,264,0,3,30,318,27,83,61,34,73,1807,0,38,57,473,490,14,18,59,57,18,264,0,348,475,47,62,171,174
